num_sim,regression_frac,bootstrap_reg_data,iav_normal_correction,qmc,repetition,seed,time,AEP mean,AEP stdev
128,0.5,False,False,False,2,349603,1.7095473920000002,12.262603528943151,0.3554586504991559
128,0.5,False,False,False,1,167875,1.713104136,12.401995752052944,0.3712945656339797
128,0.5,True,False,False,2,419654,1.7134850950000002,12.331330953579807,0.4716499393744283
128,0.5,False,False,False,0,523106,1.7153567520000008,12.381385335807124,0.3450913045720399
128,0.5,True,False,False,1,73475,1.7219192990000005,12.318972124453051,0.4707950261397564
128,0.5,True,False,False,0,71800,1.7229553099999988,12.316418509222752,0.5140643057292438
128,0.5,False,False,False,4,561068,1.6021845590000012,12.337349987559678,0.3509375662521896
128,0.5,True,False,False,4,281812,1.6187699460000005,12.350953511884509,0.508348185478989
128,0.5,True,False,False,5,829888,1.61125586,12.296252531836357,0.47146565672708224
128,0.5,False,False,False,3,92719,1.630258843,12.360260472568555,0.3679000138377616
128,0.5,False,False,False,5,509149,1.6226819699999986,12.365246714820499,0.3570407981549368
128,0.5,True,False,False,3,253782,1.6389201090000007,12.28790665519404,0.5348064603374393
128,0.5,False,False,False,6,654684,1.6126086080000004,12.35807269125263,0.3569646265979108
128,0.5,True,False,False,6,792662,1.6087839729999995,12.346022269926026,0.4831422317738109
128,0.5,False,False,False,7,824154,1.6150781070000004,12.30579268564205,0.3284011166440384
128,0.5,True,False,False,7,718892,1.6110843920000004,12.41233711388146,0.4343024569720142
128,0.5,False,False,False,8,779822,1.6142300719999998,12.324765877676192,0.360820111358882
128,0.5,True,False,False,8,457708,1.6179675919999994,12.25406229036577,0.5309895222623995
128,0.5,False,False,False,9,667782,1.680472172,12.3174521622508,0.35698793736060186
128,0.5,False,False,False,10,942980,1.6721200070000002,12.315458556125819,0.3765469807507959
128,0.5,True,False,False,9,219661,1.683142737999999,12.424273958698427,0.48543053519891494
128,0.5,True,False,False,10,372861,1.6850841360000004,12.290008678034678,0.4870998443726609
128,0.5,False,False,False,11,224069,1.6876532789999992,12.299020650333745,0.3665136603938666
128,0.5,True,False,False,11,576960,1.6859741659999994,12.322413747659885,0.5270608626138511
128,0.5,False,False,False,12,886648,1.74915294,12.29978283771715,0.39514251764926256
128,0.5,True,False,False,12,663728,1.7624565309999998,12.414364674441899,0.4162668302254899
128,0.5,False,False,False,13,655098,1.7707527150000004,12.325752926865217,0.3368617599198802
128,0.5,True,False,False,13,505680,1.7642037250000016,12.44144787531164,0.49773632601511986
128,0.5,False,False,False,14,591092,1.7560371559999997,12.28994025509774,0.3563471780660354
128,0.5,True,False,False,14,215986,1.7591681749999992,12.320791241225137,0.47037258603277815
128,0.5,False,False,False,15,317897,1.7982912980000005,12.305633283671714,0.3844132478591225
128,0.5,True,False,False,15,256671,1.7785630430000001,12.331849781295974,0.4999638596800487
128,0.5,False,False,False,17,838580,1.7699593830000016,12.372244225353421,0.3840034926083832
128,0.5,True,False,False,16,753093,1.793708401,12.37797604992936,0.49009366068300114
128,0.5,False,False,False,16,392758,1.8042514909999987,12.299384874318285,0.3516496101393848
128,0.5,True,False,False,17,511778,1.8260689590000005,12.383396937213128,0.4586436570637774
128,0.5,False,False,False,18,371053,1.7956394790000019,12.315930414327509,0.3540814276106455
128,0.5,True,False,False,18,55771,1.802796279999999,12.345510981510358,0.46304556333860586
128,0.5,False,False,False,19,83356,1.792082189000002,12.341862304330926,0.34856686589429015
128,0.5,False,False,False,20,366433,1.7895374890000006,12.342091877449242,0.4484098515039232
128,0.5,True,False,False,19,800127,1.8069732929999986,12.35281462494938,0.44068439990141
128,0.5,True,False,False,20,510540,1.801114178999999,12.348060699592631,0.49472297047273894
128,0.5,False,False,False,22,21702,1.8681618419999992,12.328410348323194,0.4122933376129413
128,0.5,True,False,False,21,208791,1.8754506620000022,12.379854958180529,0.4892495010283966
128,0.5,False,False,False,21,697039,1.8965158360000025,12.29801704885931,0.36414977309178753
128,0.5,True,False,False,22,375176,1.8787561169999982,12.238099931738859,0.5024959379018976
128,0.5,False,False,False,23,785900,1.894797656999998,12.259938983628329,0.37910042261854293
128,0.5,True,False,False,23,34688,1.8574604579999985,12.353784846571076,0.49425111428132484
128,0.5,True,False,False,24,390814,1.7576803930000011,12.267298148874268,0.5286699647606511
128,0.5,False,False,False,24,416151,1.7826697419999995,12.30623546079511,0.3645537038503132
128,0.5,False,False,False,25,973789,1.7779419579999995,12.33393046773508,0.38396662850437985
128,0.5,True,False,False,25,669664,1.7774375609999993,12.295249081734445,0.49562083466423357
128,0.5,True,False,False,26,474470,1.7716167700000014,12.348032054679631,0.5543202085166585
128,0.5,False,False,False,26,455254,1.8388166730000002,12.251147194242744,0.35285352402970127
128,0.5,False,False,False,27,96593,1.8058193379999992,12.332346545883146,0.35259047149091244
128,0.5,True,False,False,27,57809,1.8073579329999987,12.29868728586222,0.47612866594387715
128,0.5,True,False,False,28,7713,1.787929479999999,12.362688089089245,0.4639710616954384
128,0.5,False,False,False,28,469050,1.8227643270000016,12.369972933066155,0.3628464451746271
128,0.5,False,False,False,29,624756,1.7937358639999985,12.396232418997382,0.34706933344951096
128,0.5,True,False,False,29,788254,1.7855060919999985,12.307567146459732,0.4148559875672089
128,0.5,False,False,True,0,522505,1.7682622010000024,12.375096018272835,0.4070140239366509
128,0.5,True,False,True,0,430208,1.7693647749999997,12.294201197728343,0.47950233857881497
128,0.5,False,False,True,1,324474,1.7909324919999996,12.360145873610392,0.38314232309386326
128,0.5,True,False,True,1,670454,1.793067708999999,12.340504745417256,0.5121387501287576
128,0.5,False,False,True,2,417369,1.7887218550000021,12.327696041121957,0.3614255508291556
128,0.5,True,False,True,2,665789,1.7875897830000014,12.338555642489636,0.4702076272139353
128,0.5,True,False,True,3,226328,1.797965307000002,12.356519456712943,0.48983097141620446
128,0.5,False,False,True,3,486321,1.8313313180000002,12.352485115016728,0.36401454382748594
128,0.5,False,False,True,4,985835,1.807813884999998,12.294917454891369,0.39316894059402085
128,0.5,False,False,True,5,930840,1.7911324860000022,12.36037906174465,0.3940400407382547
128,0.5,True,False,True,4,1064,1.8228271530000022,12.366955915084981,0.47838553008103396
128,0.5,True,False,True,5,84973,1.8130088979999996,12.421417410553428,0.46622748404397735
128,0.5,False,False,True,6,467230,1.8749704220000005,12.31082909398633,0.37960124237799203
128,0.5,True,False,True,6,554067,1.8751780989999993,12.41627368445471,0.43072863593578226
128,0.5,False,False,True,7,438418,1.8751202559999989,12.348225476841677,0.3591450509265985
128,0.5,True,False,True,7,868260,1.8871302310000004,12.317084366312606,0.505958860831819
128,0.5,False,False,True,8,393698,1.8774171079999995,12.315198673263668,0.3953533868001397
128,0.5,True,False,True,8,156757,1.890044023999998,12.33904894690925,0.4637852915180044
128,0.5,False,False,True,9,23138,1.8859305459999973,12.309341644663418,0.4080033973298452
128,0.5,True,False,True,9,83696,1.8793623360000034,12.351319274371255,0.5023767999480281
128,0.5,False,False,True,10,266179,1.864388831999996,12.294472625107,0.4015584683043252
128,0.5,True,False,True,10,642175,1.887142513999997,12.392649116885632,0.5302652884056756
128,0.5,False,False,True,11,871888,1.8861506339999963,12.329289648704485,0.3368051148429097
128,0.5,True,False,True,11,115974,1.8745668000000002,12.319625498439624,0.4132041499347795
128,0.5,False,False,True,12,167471,1.8554206660000006,12.363827379301236,0.36675388261102165
128,0.5,True,False,True,12,313056,1.8613065249999963,12.326653721749912,0.5089764503254091
128,0.5,False,False,True,13,632593,1.8588387920000002,12.361443534785582,0.34145697304499123
128,0.5,True,False,True,13,813778,1.8606030409999974,12.369807036531116,0.5040711143444405
128,0.5,False,False,True,14,30092,1.859833779000006,12.346115730200289,0.35986240205515835
128,0.5,True,False,True,14,435903,1.8608963929999973,12.400935848916662,0.4604261377909567
128,0.5,False,False,True,15,888129,1.942819526000001,12.323011265759723,0.4039189214135995
128,0.5,True,False,True,15,493512,1.9544303159999998,12.3713695865412,0.5272781155119856
128,0.5,False,False,True,16,343921,1.944352361,12.258492292169047,0.4258858816135163
128,0.5,False,False,True,17,117764,1.931263952000002,12.313911076747885,0.38389773193542553
128,0.5,True,False,True,16,713697,1.9418880720000047,12.338775285836208,0.5137840216932457
128,0.5,True,False,True,17,707620,1.9422207089999972,12.373796718713216,0.5595351013849369
128,0.5,True,False,True,18,874338,1.8464956440000009,12.39337893174211,0.5213097198608468
128,0.5,False,False,True,18,21814,1.8742634269999954,12.329674902858583,0.33234628271303884
128,0.5,False,False,True,19,887741,1.8691797720000025,12.319914305922177,0.3896897219773276
128,0.5,False,False,True,20,447811,1.8486544909999978,12.384676604394496,0.41203491072711346
128,0.5,True,False,True,19,529986,1.8602342370000002,12.36119689078652,0.5124393237088509
128,0.5,True,False,True,20,362260,1.851342510000002,12.31967027684131,0.4446391699979999
128,0.5,False,False,True,21,374693,1.8287521239999975,12.37560617886167,0.36905815168289985
128,0.5,True,False,True,21,533768,1.8264880750000003,12.391495175915686,0.5001395232836101
128,0.5,False,False,True,22,462006,1.8392524389999991,12.320541973755613,0.36234398326408646
128,0.5,False,False,True,23,357560,1.810499385,12.321473218988338,0.3512966449811722
128,0.5,True,False,True,22,780637,1.842244958000002,12.429491827385032,0.4416749507019685
128,0.5,True,False,True,23,996103,1.8388923919999982,12.227777172484057,0.5612756001923762
128,0.5,False,False,True,24,585343,1.8413195189999954,12.3667642594848,0.3752832372557925
128,0.5,True,False,True,24,454791,1.8593991690000067,12.380671187129943,0.4765010445956851
128,0.5,False,False,True,25,588061,1.8458060520000004,12.299139845955713,0.37458526124999925
128,0.5,False,False,True,26,484190,1.853439262000002,12.345692459434503,0.3973357468547132
128,0.5,True,False,True,25,785886,1.885983594999999,12.381564318560125,0.4730083373590967
128,0.5,True,False,True,26,362928,1.8541168970000044,12.304619493594533,0.5368211646099555
128,0.5,False,False,True,27,222364,1.8782876159999944,12.360018343103777,0.3540380386764383
128,0.5,True,False,True,27,42612,1.8912343750000034,12.290044545322141,0.48451586020840715
128,0.5,False,False,True,28,846207,1.8706769379999955,12.326929692056632,0.4058488291636039
128,0.5,True,False,True,28,46190,1.861794812999996,12.361886623458744,0.4795011784319292
128,0.5,False,False,True,29,475548,1.8617655399999933,12.29761833758841,0.35246700244389106
128,0.5,True,False,True,29,757043,1.8535289320000032,12.358635265294966,0.5226775211779274
128,1.0,False,False,False,0,355661,1.9168994349999977,12.33850853346119,0.17850035970791703
128,1.0,False,False,False,1,11871,1.917934337999995,12.366354355169033,0.2066516175871795
128,1.0,True,False,False,0,702366,1.9274526079999958,12.374930711743882,0.35441713375717554
128,1.0,True,False,False,1,654489,1.9256452330000045,12.280147468999923,0.4052074613002083
128,1.0,False,False,False,2,81532,1.9149368579999972,12.327877970364092,0.16988831572621582
128,1.0,True,False,False,2,657940,1.9336022440000065,12.396724498091663,0.3395865217225197
128,1.0,False,False,False,3,964814,2.0010387829999985,12.324164721384989,0.19134531365647212
128,1.0,True,False,False,3,110925,2.003831644999998,12.371674458903067,0.35361455432218414
128,1.0,False,False,False,4,610838,2.0087874629999973,12.3369900587625,0.18077174451100678
128,1.0,True,False,False,4,9806,1.989898267000001,12.291925503851553,0.39391959358741135
128,1.0,False,False,False,5,869020,2.011494776999996,12.353933130378694,0.19525107746737672
128,1.0,True,False,False,5,206826,2.009567200999996,12.30332377358344,0.3468805784851825
128,1.0,False,False,False,6,272640,1.9242251780000004,12.332910825407538,0.18433590373316888
128,1.0,True,False,False,6,624628,1.9479708360000032,12.300173277118372,0.35535442434568554
128,1.0,False,False,False,7,727947,1.9338417809999982,12.35089664422985,0.19986031765238135
128,1.0,True,False,False,7,78147,1.932813865,12.313949309711784,0.37020119275281965
128,1.0,False,False,False,8,114186,1.9457701819999969,12.323258359277986,0.17652862772901806
128,1.0,True,False,False,8,786784,1.9219593849999939,12.373230660890501,0.34895097023732286
128,1.0,False,False,False,9,221985,1.9075258850000054,12.330854839379468,0.186105135303407
128,1.0,True,False,False,9,55876,1.9159974489999954,12.35764096305422,0.3739469727557358
128,1.0,True,False,False,10,341717,1.9103435019999964,12.367151128438369,0.38028021662336536
128,1.0,False,False,False,10,890962,1.9394772369999984,12.316159530120858,0.19852326408999918
128,1.0,False,False,False,11,789433,1.933783567000006,12.364649630369275,0.19640195327922622
128,1.0,True,False,False,11,817230,1.9389874869999986,12.41541334961346,0.34993395256676574
128,1.0,False,False,False,12,722356,1.9062636959999963,12.342281978757029,0.1903754963729963
128,1.0,True,False,False,12,15270,1.9240245979999955,12.38758113549759,0.38291434482712167
128,1.0,True,False,False,13,606394,1.911698328,12.302280682912114,0.3639235248413376
128,1.0,False,False,False,13,975451,1.9462544969999982,12.317952588953103,0.1638226830745084
128,1.0,False,False,False,14,653899,1.9201991669999998,12.339819919926693,0.17653276960545297
128,1.0,True,False,False,14,383095,1.9064644760000036,12.32918065194622,0.3574283833537703
128,1.0,False,False,False,15,753060,1.8715191380000036,12.328936493010254,0.17698748829257802
128,1.0,True,False,False,15,784203,1.8795763950000008,12.326423783402577,0.36458922667523436
128,1.0,False,False,False,16,236399,1.8755848189999966,12.32380673981106,0.17354406530648142
128,1.0,True,False,False,16,656637,1.8782655649999995,12.339018334082272,0.37006094202954154
128,1.0,False,False,False,17,706966,1.8646695819999977,12.313748675740497,0.15673158384619232
128,1.0,True,False,False,17,439509,1.872444195,12.334769678770447,0.3314853084404922
128,1.0,False,False,False,18,174628,1.888450276999997,12.331810794691874,0.16866162508298008
128,1.0,True,False,False,19,438001,1.8841225189999946,12.31957981889378,0.39730185577788607
128,1.0,True,False,False,18,310630,1.9087414299999992,12.330726122301442,0.33578409818223237
128,1.0,False,False,False,19,196693,1.9069644389999993,12.359601235159724,0.15915275870559634
128,1.0,False,False,False,20,192753,1.9134136960000063,12.31933056961476,0.1846894696258388
128,1.0,True,False,False,20,805261,1.9372610639999976,12.364103180236233,0.32297163483958846
128,1.0,False,False,False,21,24824,1.948256997999998,12.326309362254031,0.18562095215868082
128,1.0,True,False,False,21,840191,1.932190398000003,12.335260335759274,0.3873552411315631
128,1.0,False,False,False,22,274399,1.929455271000002,12.343339374147048,0.18497717552224266
128,1.0,True,False,False,22,548589,1.9511041060000025,12.349159989415368,0.378231995567426
128,1.0,False,False,False,23,150513,1.9317239390000012,12.350331718260975,0.18908217035332123
128,1.0,True,False,False,23,841995,1.9728022409999966,12.25851900700732,0.3438505764691358
128,1.0,False,False,False,24,1978,1.9325288109999974,12.31832594398299,0.17269383135499794
128,1.0,True,False,False,24,918408,1.94547017,12.34176686107899,0.3359577260405315
128,1.0,False,False,False,25,889998,1.9481874480000059,12.302541633578937,0.1814487608192022
128,1.0,True,False,False,25,229758,1.9367394620000056,12.374768533512084,0.35312780923521925
128,1.0,False,False,False,26,421692,1.9564014550000053,12.323037620938804,0.15438965370724897
128,1.0,True,False,False,26,465307,1.9614378249999973,12.348123482524901,0.3420823305414857
128,1.0,False,False,False,27,163616,2.0895749979999962,12.339503209110049,0.16869655713299408
128,1.0,False,False,False,28,931271,2.0847842470000018,12.334097179865967,0.16527831576707763
128,1.0,True,False,False,27,322765,2.0934235920000006,12.384588499938495,0.36482112973043845
128,1.0,True,False,False,28,625072,2.079006049,12.330976184047799,0.39297156631337604
128,1.0,False,False,False,29,560245,2.0922550789999974,12.323317721499052,0.17890542041384466
128,1.0,True,False,False,29,366315,2.0741009979999987,12.289766529569638,0.3514698798946474
128,1.0,False,False,True,0,365478,2.109781550000008,12.334639931506228,0.18350074941672065
128,1.0,False,False,True,1,368356,2.103323875000001,12.333620378568591,0.1845557128415885
128,1.0,True,False,True,0,240212,2.1148474110000066,12.313614394249432,0.3646617410177446
128,1.0,True,False,True,1,134633,2.1109767219999966,12.289537990054962,0.37933564035389405
128,1.0,False,False,True,2,234616,2.112946138000005,12.332026300421962,0.18175392935118614
128,1.0,True,False,True,2,410879,2.1197861819999986,12.259668665676376,0.3468736118834552
128,1.0,False,False,True,3,580231,2.0548784300000023,12.332856072776089,0.18287749929660707
128,1.0,True,False,True,3,351398,2.037049873000001,12.348297850092973,0.37163960330592666
128,1.0,True,False,True,4,86351,2.0350240319999955,12.323308911373566,0.32977142673403026
128,1.0,False,False,True,4,433596,2.0638526350000035,12.33356371760813,0.18126884338634355
128,1.0,False,False,True,5,47614,2.0456032329999942,12.334087297828312,0.18212161903252866
128,1.0,True,False,True,5,529432,2.0499857499999905,12.332670415887984,0.34706161883361425
128,1.0,False,False,True,6,664693,2.033985610000002,12.335216531319553,0.1826439318630182
128,1.0,True,False,True,6,582056,2.0113948580000027,12.317374044510032,0.33199986090696554
128,1.0,False,False,True,7,545015,2.039021339999991,12.335891167468043,0.1825152160626317
128,1.0,True,False,True,7,757753,2.0360550639999957,12.331088252149591,0.3526788242288774
128,1.0,False,False,True,8,442510,2.038748401999996,12.334387394273488,0.18294956760372946
128,1.0,True,False,True,8,178187,2.042173129999995,12.308374040532238,0.35329683451261246
128,1.0,False,False,True,9,595177,2.07745946,12.334065009570748,0.18094752498637573
128,1.0,True,False,True,9,913781,2.059128357000006,12.335376559969438,0.3865898500819679
128,1.0,False,False,True,10,641197,2.0786672489999916,12.333992821427781,0.18233942972828684
128,1.0,True,False,True,10,314296,2.0630699829999912,12.326010106204818,0.3555519202496598
128,1.0,False,False,True,11,421035,2.0753320369999955,12.333699934309962,0.18258125981074172
128,1.0,True,False,True,11,110464,2.0592059829999982,12.35739765235097,0.3423655906076491
128,1.0,False,False,True,12,127952,2.116685232000009,12.334391839124615,0.18198693884200828
128,1.0,True,False,True,12,148065,2.1029895910000107,12.333913223886483,0.3280107504269112
128,1.0,True,False,True,13,549591,2.1053068439999976,12.31259928961552,0.3668002361187788
128,1.0,False,False,True,13,172153,2.116257052000009,12.333277618694263,0.18376404192002185
128,1.0,False,False,True,14,500541,2.1291698859999997,12.332949533146117,0.18194415652515805
128,1.0,True,False,True,14,372869,2.129618383999997,12.3600626878118,0.308694094745768
128,1.0,False,False,True,15,994007,2.0727289329999934,12.33303414380953,0.17976192349383677
128,1.0,True,False,True,15,530045,2.0946795629999997,12.348132133002277,0.36844893829530256
128,1.0,True,False,True,16,687469,2.0707842750000083,12.366498122305826,0.3787342307162399
128,1.0,False,False,True,16,211113,2.0803723930000046,12.332679725100764,0.18377041530477314
128,1.0,False,False,True,17,668244,2.070443643999994,12.333208400598402,0.18244167971476993
128,1.0,True,False,True,17,277199,2.07643797099999,12.333902008596471,0.34363312701095633
128,1.0,False,False,True,18,718234,2.0228805929999965,12.331916980509494,0.1843097285889824
128,1.0,True,False,True,18,150076,2.044077207000001,12.323140733676325,0.3343194003025495
128,1.0,False,False,True,19,939858,2.020720306000001,12.33159776985252,0.18191417360379883
128,1.0,True,False,True,19,205861,2.020321211999999,12.389784603331345,0.3929200396308137
128,1.0,False,False,True,20,735709,2.0183509140000098,12.333892261597354,0.18304921101371502
128,1.0,True,False,True,20,689464,2.027149209000001,12.382623709080786,0.32674816124488737
128,1.0,False,False,True,21,935856,2.0127322250000077,12.334182423298222,0.1822513309118915
128,1.0,False,False,True,22,630507,2.026357653000005,12.334461064848394,0.18023883247754865
128,1.0,True,False,True,22,103460,2.0414982739999914,12.391622149275952,0.37431892159898617
128,1.0,True,False,True,21,44487,2.0698201850000117,12.336291630700392,0.31122600613692475
128,1.0,False,False,True,23,332383,2.038085156000008,12.332442079994582,0.18512920104142108
128,1.0,True,False,True,23,191200,2.0156735399999945,12.341878055442958,0.3702631995260909
128,1.0,False,False,True,24,69269,2.0144557419999956,12.333451935470501,0.18212968385232425
128,1.0,False,False,True,25,710967,2.0183060100000034,12.33490679411802,0.178827772085636
128,1.0,True,False,True,25,753673,2.0161502759999905,12.354623626857393,0.3687174322370278
128,1.0,True,False,True,24,143230,2.041618474999993,12.345708954609028,0.33431523254121387
128,1.0,False,False,True,26,815089,2.0212207769999964,12.332603333633383,0.18428226597098385
128,1.0,True,False,True,26,652135,2.0356320030000035,12.373295556492229,0.3348325062744042
128,1.0,False,False,True,27,883723,1.9904103779999929,12.33258774639515,0.1819127031251746
128,1.0,True,False,True,27,222831,1.9950686709999985,12.347329850572132,0.35165001726369977
128,1.0,False,False,True,28,662049,1.9945714159999994,12.333613811299685,0.18319558572117395
128,1.0,True,False,True,28,989076,2.035406855000005,12.357852792178326,0.33420525097167886
128,1.0,False,False,True,29,450564,2.015938563000006,12.33253637768932,0.18239827550775595
128,1.0,True,False,True,29,739119,2.035670901000003,12.340401035979404,0.35916096318754004
256,0.5,False,False,False,0,105140,3.5002754670000087,12.388296390357425,0.37764499525766265
256,0.5,True,False,False,0,480960,3.507537395,12.37647046539558,0.49909034311848544
256,0.5,False,False,False,1,664860,3.5161301370000047,12.320017599236284,0.39547697075373817
256,0.5,True,False,False,1,123323,3.4845448800000014,12.3086615542192,0.5142913770342951
256,0.5,False,False,False,2,485128,3.4691465650000026,12.305512220637425,0.33570184763251476
256,0.5,True,False,False,2,657594,3.4680771990000068,12.329085341273158,0.5143078336949749
256,0.5,False,False,False,3,761210,3.421736960000004,12.303355048394415,0.37501471843391715
256,0.5,False,False,False,4,596562,3.403394719000005,12.341331326022013,0.354003050621474
256,0.5,True,False,False,3,326215,3.417082406999995,12.370052015438667,0.47091107603132076
256,0.5,True,False,False,4,972078,3.417734514000003,12.31882599305933,0.5059883497566442
256,0.5,False,False,False,5,972321,3.400302597999996,12.330723518608776,0.36870798534973437
256,0.5,True,False,False,5,58070,3.408100688999994,12.305514691510531,0.5029293045454124
256,0.5,False,False,False,6,467604,3.4139787919999947,12.350062424918328,0.3451074846696233
256,0.5,False,False,False,7,654349,3.4326755959999957,12.347536255896378,0.370876817729228
256,0.5,True,False,False,6,871037,3.4565994000000018,12.360776708849066,0.5086341510148185
256,0.5,True,False,False,7,989789,3.4378779049999935,12.363800399386355,0.5004268133974265
256,0.5,False,False,False,8,6207,3.4319774660000064,12.366944932911473,0.35825384158514867
256,0.5,True,False,False,8,706266,3.425499962999993,12.399463924306074,0.4780027868908247
256,0.5,False,False,False,9,212281,3.4487611719999904,12.351737128672637,0.37834937749035913
256,0.5,False,False,False,10,574434,3.437640942999991,12.33705298239436,0.3811050524814317
256,0.5,True,False,False,9,437588,3.4815591910000023,12.313802876635568,0.4789202124821684
256,0.5,True,False,False,10,149742,3.4578522959999987,12.382508362828965,0.4603793996099425
256,0.5,False,False,False,11,799634,3.4992662440000117,12.355649170989814,0.369136685548632
256,0.5,True,False,False,11,80731,3.4613572720000008,12.354440569959777,0.475176327755453
256,0.5,False,False,False,12,947815,3.443185016000001,12.357401713741957,0.33486748709884534
256,0.5,True,False,False,12,914475,3.453779499999996,12.317525043195854,0.5243193834463206
256,0.5,False,False,False,13,145120,3.440054927999995,12.326700193335387,0.3623154185085221
256,0.5,True,False,False,13,715020,3.4895987049999917,12.289048124920983,0.4603616760424888
256,0.5,False,False,False,14,520559,3.4782781850000077,12.369998423677117,0.359304316324629
256,0.5,True,False,False,14,365676,3.4600357799999983,12.373014285297478,0.4995457060471651
256,0.5,False,False,False,15,502961,3.569928648000001,12.34873628396241,0.3756179839300409
256,0.5,True,False,False,15,431523,3.533011203000001,12.301067911825026,0.5501938892007061
256,0.5,False,False,False,16,658537,3.5455426670000065,12.317018692791834,0.35544471856974225
256,0.5,True,False,False,16,405500,3.539544151000001,12.390354857647637,0.4929579970929282
256,0.5,False,False,False,17,92656,3.5290512470000124,12.351364447287121,0.41147958563534015
256,0.5,True,False,False,17,80397,3.5278635110000067,12.34357950956776,0.47315482309677326
256,0.5,False,False,False,18,844725,3.6661168700000104,12.315684292724459,0.35792398541440795
256,0.5,True,False,False,18,100966,3.680532943000003,12.378264675440825,0.440416527385389
256,0.5,False,False,False,19,216117,3.683783813000005,12.324306659287998,0.3973923463966023
256,0.5,True,False,False,19,601791,3.6735803879999906,12.312260828665977,0.5060218582719433
256,0.5,False,False,False,20,279901,3.665387523000007,12.378506601991784,0.3677188492383869
256,0.5,True,False,False,20,499767,3.6719276700000023,12.34204603819454,0.5216301909036267
256,0.5,False,False,False,21,182427,3.560567762000005,12.298151379743922,0.40696499738345826
256,0.5,True,False,False,21,405621,3.5881967600000024,12.36969018231504,0.5051084721275081
256,0.5,False,False,False,22,135328,3.598773825000009,12.31378426071219,0.36144866871856046
256,0.5,True,False,False,22,867309,3.5732814799999915,12.352417044013714,0.4870229854832091
256,0.5,False,False,False,23,640514,3.5666273619999913,12.388243918905808,0.34792974711950697
256,0.5,True,False,False,23,29888,3.577289936999989,12.318097906055629,0.4726276580148105
256,0.5,False,False,False,24,229192,3.4665302939999947,12.368346789264708,0.3517601778709945
256,0.5,True,False,False,24,508569,3.5161083779999984,12.357113262013891,0.4885464641140764
256,0.5,True,False,False,25,659229,3.516280444000003,12.3377553662135,0.47231805036143565
256,0.5,False,False,False,25,327887,3.5324259580000046,12.344761291929004,0.3630329727802737
256,0.5,False,False,False,26,109737,3.5212787669999983,12.37263747336826,0.40277972340286317
256,0.5,True,False,False,26,479983,3.5197272779999906,12.36865951720845,0.44839514358643096
256,0.5,False,False,False,27,612866,3.6189192000000077,12.307417284086615,0.396694371119381
256,0.5,True,False,False,27,323902,3.58269377500001,12.319939258690448,0.4752922638604396
256,0.5,True,False,False,28,623988,3.5507963169999925,12.365204308990775,0.5037558219081045
256,0.5,False,False,False,28,958106,3.5605552990000007,12.361476419999676,0.378022291478588
256,0.5,False,False,False,29,156420,3.571979196000001,12.338128838631256,0.38742539072166077
256,0.5,True,False,False,29,797463,3.5252216730000043,12.327874968698072,0.5114618611792172
256,0.5,False,False,True,0,803119,3.529751312000002,12.353243879778029,0.3609437465675174
256,0.5,True,False,True,0,335706,3.5160749530000004,12.323150660567986,0.4814346772460205
256,0.5,False,False,True,1,843466,3.5301727709999966,12.346649100852467,0.40270477300441343
256,0.5,True,False,True,1,760282,3.5263879330000094,12.37300201746412,0.4630481355344031
256,0.5,False,False,True,2,756082,3.524948526000003,12.352901134916735,0.3662346934781782
256,0.5,True,False,True,2,224939,3.514544164,12.292052624258448,0.5510412431861164
256,0.5,False,False,True,3,887695,3.6284766919999925,12.349091095009118,0.36558192855685806
256,0.5,True,False,True,3,810311,3.6275106219999884,12.345039965332,0.4517239909617782
256,0.5,True,False,True,4,517948,3.6410988979999956,12.33840917368033,0.49699385521990136
256,0.5,False,False,True,4,721194,3.646407633999999,12.338881262405575,0.36191710890520307
256,0.5,False,False,True,5,657532,3.652302879000004,12.321571645203626,0.3773650629346267
256,0.5,True,False,True,5,211103,3.6571187440000017,12.36333599330707,0.4909664333258649
256,0.5,False,False,True,6,680362,3.546430841000003,12.379815353477701,0.37573697392866917
256,0.5,True,False,True,6,365303,3.5540439849999927,12.291251436122453,0.5044854043172443
256,0.5,True,False,True,7,829703,3.5521744159999997,12.33810240098524,0.48290750805003285
256,0.5,False,False,True,7,757387,3.5607010189999926,12.319433187327242,0.39621615332492344
256,0.5,False,False,True,8,446929,3.5594877059999845,12.3411750323337,0.4037772544774537
256,0.5,True,False,True,8,290741,3.5682045740000206,12.34891660345067,0.4909396150923976
256,0.5,False,False,True,9,947064,3.7068737689999978,12.354526187955091,0.3624627885687213
256,0.5,True,False,True,9,625777,3.714701327,12.362223804410776,0.5086683400777947
256,0.5,True,False,True,10,461320,3.6890534599999967,12.35387949350594,0.44533820907828514
256,0.5,False,False,True,10,123453,3.724401393000022,12.312295776359141,0.38534330332835925
256,0.5,False,False,True,11,152469,3.6919046659999992,12.342065003236645,0.3948591775203919
256,0.5,True,False,True,11,6216,3.7038542869999844,12.365040625488792,0.4629510546296741
256,0.5,False,False,True,12,439213,3.5681450050000194,12.341638620883321,0.41245021085448563
256,0.5,True,False,True,12,843012,3.5752605460000098,12.283670498627897,0.4944577856497769
256,0.5,False,False,True,13,644133,3.583835545999989,12.324292249200534,0.3906680577724631
256,0.5,True,False,True,13,201393,3.602499841999986,12.303969674859275,0.46954779985800404
256,0.5,False,False,True,14,795848,3.60787193500002,12.327585859505938,0.3785689305716873
256,0.5,True,False,True,14,37267,3.5757892459999994,12.38313368468125,0.4684368558912156
256,0.5,False,False,True,15,458312,3.6597707429999957,12.327834088938804,0.3978385324546268
256,0.5,True,False,True,15,360021,3.6741100819999986,12.27653959392031,0.5465582035400003
256,0.5,False,False,True,16,436974,3.660702600999997,12.359896424347507,0.3838261402033193
256,0.5,True,False,True,17,782720,3.6828438980000158,12.39164305241251,0.5042042494025214
256,0.5,True,False,True,16,131228,3.7143242470000075,12.315217271179751,0.49961117652246284
256,0.5,False,False,True,17,177289,3.7176822940000136,12.34187741209173,0.38748832824935064
256,0.5,False,False,True,18,568874,3.677953018000011,12.360328983797917,0.3814797552046429
256,0.5,True,False,True,18,93634,3.6510398979999934,12.331251568127927,0.47567817652313005
256,0.5,False,False,True,19,160016,3.632939197000013,12.332550673303295,0.3773182869281867
256,0.5,True,False,True,19,532363,3.596309775000009,12.35617356317763,0.48681859500778796
256,0.5,False,False,True,20,635815,3.638475562999986,12.344573106353625,0.38010349381204056
256,0.5,True,False,True,20,592336,3.6702838870000107,12.318499031649148,0.49741977420980166
256,0.5,False,False,True,21,258220,3.6235374759999956,12.318639012507912,0.35633350399932473
256,0.5,True,False,True,21,833783,3.6253096740000217,12.331317940989864,0.4631775891959878
256,0.5,False,False,True,22,145463,3.6511860130000002,12.350209512685124,0.3935124731607043
256,0.5,True,False,True,22,655130,3.665466388999988,12.333543123477734,0.48301230225839686
256,0.5,False,False,True,23,6419,3.647609324000001,12.334586709393106,0.39552905086032697
256,0.5,True,False,True,23,445722,3.660187000999997,12.350104543796153,0.5020156566404137
256,0.5,False,False,True,24,627634,3.6577026840000144,12.334839290762659,0.37226724530393146
256,0.5,True,False,True,24,837733,3.6740995659999953,12.37564911701542,0.4938906438601564
256,0.5,False,False,True,25,892361,3.692377351999994,12.350480640797649,0.3905697148199851
256,0.5,True,False,True,25,244832,3.673098049999993,12.328357676894155,0.4544146068448961
256,0.5,False,False,True,26,475204,3.677257859000008,12.370847006883249,0.37697882508290725
256,0.5,True,False,True,26,717365,3.67410730200001,12.348968158605535,0.4861048693090525
256,0.5,False,False,True,27,944950,3.676018374000023,12.332643349432654,0.3785995872681346
256,0.5,True,False,True,27,723444,3.6438404509999884,12.2372413297672,0.5090618383548562
256,0.5,False,False,True,28,973008,3.621884100999978,12.327496186889652,0.35900859349276454
256,0.5,True,False,True,28,227616,3.6455425289999823,12.349633534084624,0.4715524169800602
256,0.5,False,False,True,29,285642,3.6543884889999845,12.331938632936856,0.4173375289515916
256,0.5,True,False,True,29,16400,3.647399094000008,12.363561751002207,0.45726843753252705
256,1.0,False,False,False,0,534474,3.764229835000009,12.339221917101824,0.19034785702988627
256,1.0,True,False,False,0,262865,3.7942277949999834,12.315658592344024,0.36041008500355676
256,1.0,False,False,False,1,227093,3.8079209999999932,12.325686058811732,0.18609043703031977
256,1.0,True,False,False,1,626174,3.812946014000005,12.331831172840731,0.3444785555003068
256,1.0,False,False,False,2,482759,3.7743219680000095,12.34009150549894,0.18343958279522277
256,1.0,True,False,False,2,647554,3.815292053999997,12.335272289766321,0.3414983727825215
256,1.0,False,False,False,3,827877,3.7052623060000087,12.335246084413297,0.17790789783536243
256,1.0,True,False,False,3,413570,3.657938892000004,12.337491143182797,0.33730680636318744
256,1.0,False,False,False,4,628244,3.6456687069999987,12.341560510091107,0.1836389532618272
256,1.0,True,False,False,4,145468,3.643558761999998,12.307991999817512,0.3613905729611664
256,1.0,False,False,False,5,547706,3.652786849999984,12.33999291927866,0.18586750002298907
256,1.0,True,False,False,5,87875,3.6247172420000027,12.336645765745997,0.3476207841540662
256,1.0,False,False,False,6,545987,3.798855887000002,12.329818361230696,0.18299822460997703
256,1.0,True,False,False,6,458593,3.770506547000025,12.36703515846864,0.34968000133911814
256,1.0,False,False,False,7,363595,3.760632076999997,12.312626364678612,0.17523456477463625
256,1.0,False,False,False,8,740229,3.767842881000007,12.342495956039851,0.1810591720183467
256,1.0,True,False,False,7,149116,3.7879510469999786,12.339786982842593,0.3610817436447126
256,1.0,True,False,False,8,235462,3.7812488589999873,12.332825341480838,0.35308418772524386
256,1.0,False,False,False,9,127869,3.700936697000003,12.327088449656944,0.1652476931111396
256,1.0,True,False,False,9,464325,3.6893400980000024,12.333051369942638,0.3599666776871779
256,1.0,False,False,False,10,73078,3.7001960480000093,12.353585465126768,0.18858005550585924
256,1.0,True,False,False,10,616241,3.7102440699999875,12.358094313824104,0.36498105169620493
256,1.0,False,False,False,11,323323,3.699822044000001,12.339022247199974,0.17601968552761774
256,1.0,True,False,False,11,467164,3.737934636999995,12.335514064082874,0.3412045350008163
256,1.0,False,False,False,12,699471,3.6915527360000056,12.335593716382602,0.18084078569373116
256,1.0,True,False,False,12,128687,3.6700829899999974,12.283476591154733,0.36494982514493357
256,1.0,False,False,False,13,587040,3.685876680000007,12.33208195916799,0.17654117171177675
256,1.0,True,False,False,13,292408,3.6764619479999965,12.276445263989874,0.3520271097516177
256,1.0,False,False,False,14,903494,3.707756670000009,12.339155045413477,0.18563678922199897
256,1.0,True,False,False,14,604565,3.734376459999993,12.339720819014177,0.357525852858448
256,1.0,False,False,False,15,521316,3.774734308999996,12.341930517503814,0.17336971856624037
256,1.0,True,False,False,15,463619,3.747477669999995,12.336929287581926,0.3281244041625038
256,1.0,False,False,False,16,211654,3.7321737429999757,12.325895849620277,0.18161903661478015
256,1.0,True,False,False,16,193411,3.7439528019999955,12.325791886519772,0.3540696055169878
256,1.0,False,False,False,17,769223,3.734130859000004,12.34030239098031,0.18636439308065397
256,1.0,True,False,False,17,78188,3.723929370999997,12.333913209448944,0.35685541870474313
256,1.0,False,False,False,18,372394,3.7070511640000063,12.337730031189466,0.19371309922778282
256,1.0,True,False,False,18,651346,3.730081337999991,12.341625401439801,0.3300335479584627
256,1.0,False,False,False,19,408446,3.722804370999995,12.319028709510192,0.18690289952932418
256,1.0,True,False,False,19,148020,3.6833530719999885,12.29044227753947,0.3559921471883198
256,1.0,False,False,False,20,964841,3.709999947,12.32578759815586,0.18149322298688042
256,1.0,True,False,False,20,305912,3.718975014999984,12.317580074672815,0.3562419117764871
256,1.0,False,False,False,21,250561,3.6576905070000123,12.331019492931043,0.18727888958041217
256,1.0,True,False,False,21,28249,3.6686425999999983,12.287319548450295,0.4055740286009792
256,1.0,False,False,False,22,34896,3.685553301999988,12.336212967246098,0.17782227867049738
256,1.0,True,False,False,22,512302,3.684173873999981,12.367286707578634,0.3328286071107277
256,1.0,False,False,False,23,147986,3.6995728879999774,12.325656806719273,0.18437119082434295
256,1.0,True,False,False,23,387753,3.688114509000002,12.33422176402971,0.32517763016257994
256,1.0,False,False,False,24,131662,3.8407413939999913,12.347248401938394,0.17852858930717813
256,1.0,True,False,False,24,73140,3.8788608779999834,12.336903961069222,0.358869220346114
256,1.0,False,False,False,25,507483,3.8861184719999926,12.343212310578211,0.17998091640194047
256,1.0,True,False,False,25,534185,3.8787440510000124,12.329661367321336,0.3736687725619493
256,1.0,False,False,False,26,407035,3.8740903990000106,12.34021679221728,0.17987085119938037
256,1.0,True,False,False,26,840350,3.8743150839999885,12.309269163148317,0.37263066132128325
256,1.0,False,False,False,27,61675,3.8466116099999965,12.318731937601665,0.17519101462549314
256,1.0,True,False,False,27,461344,3.824997754000009,12.33605263392098,0.38206016754759037
256,1.0,False,False,False,28,169310,3.8218151850000197,12.32419942634061,0.17441865596775669
256,1.0,True,False,False,28,572645,3.823672794999993,12.359462821145458,0.35573110034691613
256,1.0,False,False,False,29,509301,3.83580193100002,12.335247364494894,0.17746942087879924
256,1.0,True,False,False,29,407072,3.8524180349999995,12.29936308015951,0.34114497112962683
256,1.0,False,False,True,0,627244,3.813553715000012,12.334255410354183,0.18447341582548202
256,1.0,True,False,True,0,235031,3.849232707999988,12.320059922765095,0.3394499256659505
256,1.0,False,False,True,1,46314,3.8301833209999927,12.333593183927126,0.18198634029354724
256,1.0,True,False,True,1,853658,3.847953609000001,12.327838985299975,0.3623907286914478
256,1.0,False,False,True,2,124206,3.851332635999995,12.333766315185722,0.1822250532771228
256,1.0,True,False,True,2,826071,3.8247429559999944,12.347772906809457,0.3354800338580387
256,1.0,False,False,True,3,761473,3.930973918999996,12.334102361992691,0.18356057019673147
256,1.0,True,False,True,3,864207,3.941363793000022,12.353089184719055,0.3504308312536723
256,1.0,False,False,True,4,609082,3.9659237490000123,12.3334817950112,0.18314578880332
256,1.0,True,False,True,4,420638,3.9637694200000055,12.324203834570264,0.3684920442098668
256,1.0,False,False,True,5,585446,3.9623253860000034,12.333941174519127,0.1825103537412194
256,1.0,True,False,True,5,760020,3.9627990429999898,12.318683940758465,0.36611064445010105
256,1.0,False,False,True,6,562479,4.209488921999991,12.333444880695357,0.18359074707015852
256,1.0,True,False,True,6,97865,4.190887824000015,12.343772982090533,0.34908253220822544
256,1.0,False,False,True,7,295057,4.2055610160000185,12.334943083608573,0.183473724089295
256,1.0,True,False,True,7,234354,4.198706723000015,12.367965707960842,0.36196032379076953
256,1.0,False,False,True,8,918443,4.171375753999996,12.334880231786547,0.1825594523899722
256,1.0,True,False,True,8,383796,4.208185839000009,12.330730931738298,0.35472216185516003
256,1.0,False,False,True,9,896420,3.937934149,12.333291635962162,0.18390804810504838
256,1.0,True,False,True,9,961418,3.943620535000008,12.351812295335199,0.3609251329741568
256,1.0,False,False,True,10,132112,3.9095457239999973,12.33295507175773,0.1831011114028978
256,1.0,True,False,True,10,830504,3.9280834289999973,12.346169944167297,0.34615409480315723
256,1.0,False,False,True,11,329648,3.935290554000005,12.334600302120286,0.1811879427726347
256,1.0,True,False,True,11,971024,3.8997417369999994,12.31227961210558,0.3426953828526641
256,1.0,False,False,True,12,517251,3.8789516340000034,12.333075925673178,0.1830898953182529
256,1.0,True,False,True,12,896372,3.869857537999991,12.315863237296629,0.3210534639972805
256,1.0,False,False,True,13,438405,3.8886063030000173,12.332909097567358,0.1846222236412205
256,1.0,True,False,True,13,710063,3.865893959999994,12.322000806920578,0.37164373135655704
256,1.0,False,False,True,14,341585,3.8867001410000057,12.333719150777085,0.18179405365918105
256,1.0,True,False,True,14,391510,3.9232209820000037,12.35258694947873,0.3823578658909778
256,1.0,False,False,True,15,263950,3.9183917200000167,12.333072711407489,0.18272590393477847
256,1.0,True,False,True,15,74901,3.927010375000009,12.332190497369679,0.3495480668149888
256,1.0,False,False,True,16,334319,3.949350071999987,12.334292634282832,0.18276289648087812
256,1.0,True,False,True,16,364417,3.9435417880000045,12.341744583703923,0.34867261123362253
256,1.0,False,False,True,17,337649,3.948505972999982,12.33362996181885,0.184065555325277
256,1.0,True,False,True,17,404840,3.9411550510000097,12.311104357927668,0.3697614806309686
256,1.0,False,False,True,18,139785,3.951550917999981,12.334424978272,0.1827698599777243
256,1.0,True,False,True,18,243302,3.9490379169999983,12.322940458543858,0.35761631295385643
256,1.0,False,False,True,19,322444,3.9320913949999863,12.334494117491106,0.18261922075796103
256,1.0,True,False,True,19,387198,3.9699774309999896,12.343630267464128,0.3356755354085049
256,1.0,False,False,True,20,975361,3.9455108470000084,12.333980100719312,0.18256199787458646
256,1.0,True,False,True,20,533887,3.958746182999988,12.376102424530174,0.3427971424077201
256,1.0,False,False,True,21,46984,3.825801272999996,12.333767064399293,0.1811440963302743
256,1.0,True,False,True,21,732897,3.8323626260000196,12.31142142567696,0.3593445142778239
256,1.0,False,False,True,22,802077,3.848967784999985,12.335113592718455,0.18204288886441403
256,1.0,True,False,True,22,481267,3.854075463000015,12.360895200313806,0.3521964650703617
256,1.0,False,False,True,23,721463,3.845984192000003,12.333540453449551,0.18274717461589118
256,1.0,True,False,True,23,541823,3.8407727780000016,12.311632045956062,0.34673053576803925
256,1.0,False,False,True,24,584288,3.908696243999998,12.334777875169685,0.18329693409687084
256,1.0,True,False,True,24,242284,3.8797672540000008,12.33039826780537,0.3666035812426849
256,1.0,False,False,True,25,440251,3.8467817289999857,12.333451665671715,0.18214732272689307
256,1.0,True,False,True,25,233831,3.863878134999993,12.32354293384496,0.37584210717220795
256,1.0,False,False,True,26,303085,3.868609526,12.334237184208208,0.18261771923089265
256,1.0,True,False,True,26,210397,3.902777183000012,12.372960847075852,0.34345040204379895
256,1.0,False,False,True,27,677727,3.958666371999982,12.333703463618034,0.18271202673114148
256,1.0,True,False,True,27,140907,3.8826821389999964,12.32348241442074,0.3221734339522431
256,1.0,False,False,True,28,600319,3.8718182930000182,12.334435149645433,0.1820293917018971
256,1.0,True,False,True,28,176949,3.862248020999999,12.288915429175704,0.35977034455427676
256,1.0,False,False,True,29,85820,3.8426269180000077,12.333652022777988,0.18188188205420155
256,1.0,True,False,True,29,776188,3.818923767000001,12.337473723756379,0.3656894711577529
